INSERT INTO complaint_types (type_description) VALUES 
('Неприемлемый контент'),
('Домогательства'),
('Спам'),
('Ложный профиль'),
('Оскорбительный язык');

INSERT INTO notification_types (type_description) VALUES 
('message'),
('match'),
('s');

INSERT INTO locations (country, city, district) VALUES 
('США', 'Нью-Йорк', 'Манхэттен'),
('Канада', 'Торонто', 'Центр города'),
('Великобритания', 'Лондон', 'Центральный Лондон'),
('Германия', 'Берлин', 'Митте'),
('Франция', 'Париж', 'Иль-де-Франс');

INSERT INTO subscription_types (type_description) VALUES 
('Базовая'),
('Премиум'),
('Золотая'),
('Платиновая');

INSERT INTO profiles (firstname, lastname, is_male, birthday, height, description, location_id, goal) VALUES
('Иван', 'Иванов', TRUE, '1990-05-15', 180, 'Программист, в свободное время увлекаюсь рисованием, больше всего люблю портреты', 1, 1),
('Анна', 'Петрова', FALSE, '1988-07-20', 165, 'Дизайнер, работаю в крупной компании, люблю своё дело :)', 2, 2),
('Ольга', 'Смирнова', FALSE, '1995-03-22', 170, 'Маркетолог, учу английский и китайский', 3, 1),
('Дмитрий', 'Кузнецов', TRUE, '1992-11-30', 175, 'Инженер из Бауманки, люблю участвовать с друзьями в CTF', 4, 3),
('Александр', 'Попов', TRUE, '1991-09-25', 185, 'Фотограф, еще ооочень люблю играть на фортепиано!', 5, 2),
('Максим', 'Орлов', TRUE, '1989-08-10', 182, 'Менеджер компании по переработке металлов. В школе вел кружок по химии', 1, 1),
('Инна', 'Лисова', FALSE, '1993-04-12', 168, 'Юрист, высшая квалификация... А вообще большой души человек :)', 2, 3),
('Леонид', 'Захаров', TRUE, '1987-01-05', 178, 'Врач в Подмосковье, работаю с детьми, хочу своих :3', 3, 1),
('Нина', 'Морозова', FALSE, '1996-12-30', 160, 'Писатель новелл и рассказов на тему science-fiction', 4, 2),
('Вера', 'Соколова', FALSE, '1990-10-15', 172, 'Актриса в Большом театре, также работаю с подростками в собственных постановках', 5, 3);


INSERT INTO users (profile_id, status, login, email, phone, password) VALUES
(1, 1, 'ivanivanov', 'ivan@example.com', '+71111111111', 'f40331940a2eb0ec842f09e39726335747f04e7cf3d3a56ea633f3b72ef2458d'),
(2, 1, 'annapetrova', 'anna@example.com', '+71111111112', 'eda6e9d3f2ff853757a9f864b8c793f5700d794f410252f1222b576e56b67983'),
(3, 1, 'olgasmirnova', 'olga@example.com', '+71111111113', 'ad98820e33eded62823c5abfc1db9780846d014b11d07eb28ac3186d68e15486'),
(4, 1, 'dmitrykuznetsov', 'dmitriy@example.com', '+71111111114', '5bf6e3a85f0a1406b5602e21e0aad1369bc1ff57389c2f6174b2606db7b388ca'),
(5, 1, 'alexpopov', 'alex@example.com', '+71111111115', 'fbdd78794b1dbc3864c7bcbefb7c90f5c4ca5a1f409f9db1d492ffbeec6fb119'),
(6, 1, 'maksorlov', 'maks@example.com', '+71111111116', '78226589b60338ee48a4c411b34c9b93a3ee5a658ec8ea039e63a0e7c1274638'),
(7, 1, 'innalisova', 'inna@example.com', '+71111111117', '07e0c313ec2ea761e366fbda9dbdba9c903da501962ff298bbf050500e27be53'),
(8, 1, 'leozaharov', 'leo@example.com', '+71111111118', '0e03f2a800342f4bab3bb0ca88db5d37779f306898caf6ccf9d509c293f36f57'),
(9, 1, 'ninamoro', 'nina@example.com', '+71111111119', '2ee3914dee3e33b53083024874f141ce7050a11afa21cb2f04378642da9ad0a7'),
(10, 1, 'verasokolova', 'vera@example.com', '+71111111190', '54c32671705cc23909c4a932eca574dbd2b9d8eeaf0a20cc3e614cf506bee0ef');


INSERT INTO admins (user_id, role) VALUES 
    (6, 'admin');



INSERT INTO static (profile_id, path) VALUES
(1, '/anatolini.jpg'),
(2, '/eva.png'),
(3, '/katya.png'),
(4, '/dima.jpg'),
(5, '/anton.jpg'),
(6, '/fernando.jpg'),
(7, '/kamilla.jpg'),
(8, '/georgio.jpg'),
(9, '/liza.jpg'),
(10, '/nona.jpg');


INSERT INTO sessions (user_id, token, expires_at) VALUES
(1, 'token1', '2025-12-31 23:59:59'),
(2, 'token2', '2025-12-31 23:59:59'),
(3, 'token3', '2025-12-31 23:59:59'),
(4, 'token4', '2025-12-31 23:59:59'),
(5, 'token5', '2025-12-31 23:59:59'),
(6, 'token6', '2025-12-31 23:59:59'),
(7, 'token7', '2025-12-31 23:59:59'),
(8, 'token8', '2025-12-31 23:59:59'),
(9, 'token9', '2025-12-31 23:59:59'),
(10, 'token10', '2025-12-31 23:59:59');

INSERT INTO interests (description) VALUES
('Путешествия'), ('Чтение'), ('Музыка'), ('Спорт'), ('Фильмы'),
('Готовка'), ('Фотография'), ('Танцы'), ('Программирование'), ('Искусство');


INSERT INTO profile_interests (profile_id, interest_id) VALUES
(1, 1), (1, 2), (1, 3), (1, 4), (1, 5),
(2, 6), (2, 7), (2, 1), (2, 2), (2, 3),
(3, 4), (3, 5), (3, 6), (3, 7), (3, 8),
(4, 9), (4, 10), (4, 1), (4, 2), (4, 3),
(5, 4), (5, 5), (5, 6), (5, 7), (5, 8),
(6, 1), (6, 2), (6, 3), (6, 4), (6, 5),
(7, 6), (7, 7), (7, 8), (7, 9), (7, 10),
(8, 1), (8, 3), (8, 5), (8, 7), (8, 9),
(9, 2), (9, 4), (9, 6), (9, 8), (9, 10),
(10, 1), (10, 2), (10, 3), (10, 4), (10, 5);



INSERT INTO preferences (preference_type, preference_description, preference_value) VALUES
(1, 'bodyType', 'Атлетическое'),
(2, 'hairColor', 'Блондин'),
(3, 'eyeColor', 'Голубые'),
(4, 'tattoo', 'false'),
(5, 'smoking', 'false'),
(6, 'education', 'Высшее'),
(7, 'nationality', 'Русский'),
(2, 'hairColor', 'Русый'),
(3, 'eyeColor', 'Карие'),
(4, 'tattoo', 'true'),
(5, 'smoking', 'true'),
(1, 'bodyType', 'Худощавое'),
(6, 'education', 'Среднее'),
(7, 'nationality', 'Грузин');

INSERT INTO profile_preferences (profile_id, preference_id) VALUES
(1, 1), (1, 2), (1, 3), (1, 4), (1, 5),
(2, 6), (2, 7), (2, 8), (2, 9), (2, 10),
(3, 11), (3, 12), (3, 13), (3, 1), (3, 2),
(4, 3), (4, 4), (4, 5), (4, 6), (4, 7),
(5, 8), (5, 9), (5, 10), (5, 11), (5, 12),
(6, 1), (6, 3), (6, 5), (6, 7), (6, 9),
(7, 2), (7, 4), (7, 6), (7, 8), (7, 10),
(8, 11), (8, 13), (8, 1), (8, 3), (8, 5),
(9, 7), (9, 9), (9, 11), (9, 13), (9, 2),
(10, 4), (10, 6), (10, 8), (10, 10), (10, 12);



INSERT INTO parameters (parameter_type, parameter_description, parameter_value) VALUES
(1, 'bodyType', 'Атлетическое'),
(2, 'hairColor', 'Блондин'),
(3, 'eyeColor', 'Голубые'),
(4, 'tattoo', 'false'),
(5, 'smoking', 'false'),
(6, 'education', 'Высшее'),
(7, 'nationality', 'Русский'),
(2, 'hairColor', 'Русый'),
(3, 'eyeColor', 'Карие'),
(4, 'tattoo', 'true'),
(5, 'smoking', 'true'),
(1, 'bodyType', 'Худощавое'),
(6, 'education', 'Среднее'),
(7, 'nationality', 'Грузин');

INSERT INTO profile_parameter (profile_id, parameter_id) VALUES
(1, 1), (1, 2), (1, 3), (1, 4), (1, 5),
(2, 6), (2, 7), (2, 8), (2, 9), (2, 10),
(3, 11), (3, 12), (3, 13), (3, 1), (3, 2),
(4, 3), (4, 4), (4, 5), (4, 6), (4, 7),
(5, 8), (5, 9), (5, 10), (5, 11), (5, 12),
(6, 1), (6, 3), (6, 5), (6, 7), (6, 9),
(7, 2), (7, 4), (7, 6), (7, 8), (7, 10),
(8, 11), (8, 13), (8, 1), (8, 3), (8, 5),
(9, 7), (9, 9), (9, 11), (9, 13), (9, 2),
(10, 4), (10, 6), (10, 8), (10, 10), (10, 12);



INSERT INTO subscriptions (user_id, sub_type, transaction_data, expires_at) VALUES
(1, 1, 'Подписка базовая',   CURRENT_TIMESTAMP + INTERVAL '30 days'),
(2, 2, 'Подписка премиум',   CURRENT_TIMESTAMP + INTERVAL '90 days'), 
(3, 3, 'Подписка золотая',   CURRENT_TIMESTAMP + INTERVAL '180 days'),  
(4, 4, 'Подписка платиновая',CURRENT_TIMESTAMP + INTERVAL '365 days'),  
(5, 1, 'Подписка базовая',   CURRENT_TIMESTAMP + INTERVAL '30 days');   

INSERT INTO complaints (complaint_by, complaint_on, complaint_type, complaint_text, status) VALUES 
(1, 2, 1, 'Неприемлемое поведение', 1),
(2, 3, 2, 'Домогательства', 1),
(3, 4, 3, 'Спам', 1),
(4, 5, 4, 'Ложный профиль', 1),
(5, 1, 5, 'Оскорбительный язык', 1);

INSERT INTO blacklist (user_id) VALUES 
(5);



INSERT INTO profile_ratings (profile_id, rated_profile_id, rating_score, comment) VALUES 
(1, 2, 5, 'Отличный человек!'),
(2, 3, 4, 'Очень интересный профиль!'),
(3, 4, 3, 'Неплохой профиль'),
(4, 5, 2, 'Не совсем мой тип'),
(5, 1, 5, 'Прекрасный человек!');


INSERT INTO queries (name, description, min_score, max_score, is_active) VALUES 
('CSAT', 'Насколько вы удовлетворены нашим сервисом? @ Почему? ', 1, 5, TRUE),
('NPC', ' Насколько вы готовы рекомендовать Сайт знакомств Beameye друзьям и знакомым? @ Почему?', 1, 10, TRUE);

INSERT INTO user_answer (query_id, user_id, score, answer, created_at) VALUES 
(1, 1, 5, 'Очень доволен, всё отлично! Да здравствует коммунизм!', NOW() - INTERVAL '8 days'),
(1, 1, 5, 'Очень доволен, всё отлично! Да здравствует коммунизм!', NOW()),
(1, 2, 4, 'Хорошо, но есть небольшие замечания', NOW()),
(1, 3, 3, 'В целом нормально, но есть пространство для улучшений', NOW()),
(2, 4, 9, 'Советую всем своим друзьям, это отличное приложение', NOW()),
(2, 5, 7, 'В целом нравится, но есть вещи, которые можно улучшить', NOW());




INSERT INTO chats (first_profile_id, second_profile_id, last_message, last_sender) VALUES 
(1, 2, 'Привет! Всё хорошо, спасибо. А у тебя?', 2),
(3, 4, 'С радостью! Когда тебе удобно?', 4),
(5, 6, 'Я больше люблю портреты, но природа — это классно!', 6),
(7, 8, 'Да, шикарный! Особенно последняя песня.', 8),
(9, 10, 'Спасибо! Твой тоже. Чем увлекаешься?', 10),
(1, 4, 'Ты коммунист?', 4),
(4, 8, 'Шах,я тебя вижу', 8),
(10, 4, 'Дай денег плиз', 10);

INSERT INTO messages (chat_id, user_id, content, status) VALUES
(1, 1, 'Привет! Как дела?', 2),
(1, 2, 'Привет! Всё хорошо, спасибо. А у тебя?', 2),
(2, 4, 'Хочешь встретиться на кофе?', 1),
(2, 4, 'С радостью! Когда тебе удобно?', 2),
(3, 5, 'Я люблю фотографировать природу. А ты?', 2),
(3, 6, 'Я больше люблю портреты, но природа — это классно!', 2),
(4, 7, 'Ты слушала новый гимн СССР?', 2),
(4, 8, 'Да, шикарный! Особенно последняя песня.', 2),
(5, 9, 'Привет! У тебя очень интересный профиль.', 2),
(5, 10, 'Спасибо! Твой тоже. Чем увлекаешься?', 2),
(6, 4, 'Ты коммунист?', 2),
(7, 8, 'Шах,я тебя вижу', 2),
(8, 10, 'Дай денег плиз', 2);

